{"stat.mineBlock.matteroverdrive.tritanium_ore":8,"stat.pickup.dungeontactics.bag_magic":1,"stat.leaveGame":3,"darkling.kill":1,"stat.pickup.natura.overworld_logs2":61,"spectre.learn":1,"stat.pickup.extrautils2.redorchid":1,"stat.useItem.biomesoplenty.flesh":10,"stat.pickup.dungeontactics.cherry_bomb":20,"stat.pickup.tconstruct.edible":11,"stat.pickup.dungeontactics.nethergold_ore":1,"stat.killEntity.primitivemobs.blazing_juggernaut":1,"gnekk.learn":1,"stat.pickup.minecraft.fishing_rod":3,"djinn.learn":2,"stat.pickup.dungeontactics.flower_sanguine":5,"stat.useItem.minecraft.planks":6,"stat.pickup.techreborn.ingot":1,"stat.pickup.levelup2.surfaceore":2,"stat.pickup.minecraft.porkchop":4,"stat.pickup.minecraft.blaze_powder":58,"stat.mineBlock.deepresonance.resonating_ore":3,"stat.useItem.natura.overworld_sapling2":5,"stat.useItem.minecraft.water_bucket":21,"stat.killEntity.primitivemobs.skeleton_warrior":9,"stat.pickup.minecraft.rotten_flesh":119,"stat.useItem.dungeontactics.flower_sanguine":1,"stat.useItem.dungeontactics.fire_starter":2,"stat.useItem.enderio.item_dark_steel_sword":48,"stat.useItem.minecraft.golden_sword":32,"stat.craftItem.actuallyadditions.item_sword_crystal_green":1,"archvile.learn":1,"stat.entityKilledBy.Spider":1,"stat.pickup.minecraft.splash_potion":2,"stat.pickup.lycanitesmobs.cooked_cephignis_meat":5,"darkling.learn":1,"stat.killEntity.primitivemobs.festive_creeper":1,"stat.entityKilledBy.primitivemobs.skeleton_warrior":3,"stat.pickup.forestry.miner_bag":1,"stat.useItem.minecraft.vine":1,"stat.pickup.minecraft.bucket":1,"stat.useItem.dungeontactics.diamond_battleaxe":614,"stat.pickup.minecraft.wooden_hoe":1,"stat.pickup.dungeontactics.iron_cluster":53,"stat.pickup.enderio.item_broken_spawner":14,"stat.craftItem.minecraft.stone_sword":2,"stat.entityKilledBy.artifacts.mimic":1,"stat.pickup.forestry.planks.1":9,"stat.drop.astralsorcery.itemjournal":1,"stat.useItem.minecraft.iron_pickaxe":463,"stat.craftItem.minecraft.wooden_pickaxe":2,"stat.craftItem.minecraft.bed":2,"stat.pickup.projectred-core.resource_item":26,"stat.drop.minecraft.wooden_shovel":1,"stat.pickup.minecraft.firework_charge":4,"salamander.kill":1,"stat.mineBlock.chisel.marble2":18,"stat.mineBlock.minecraft.vine":1,"stat.pickup.thermalfoundation.material":7,"stat.pickup.minecraft.record_far":2,"stat.pickup.minecraft.wooden_shovel":1,"stat.furnaceInteraction":35,"stat.drop.extrautils2.redorchid":1,"stat.mineBlock.forestry.logs.5":13,"stat.useItem.lycanitesmobs.bucketpoison":13,"stat.pickup.actuallyadditions.item_solidified_experience":15,"stat.craftItem.thermalfoundation.material":32,"xaphan.kill":1,"stat.pickup.iceandfire.manuscript":1,"stat.pickup.minecraft.beef":3,"stat.drop.levelup2.skillbook":1,"lobber.learn":1,"stat.pickup.minecraft.iron_chestplate":1,"stat.pickup.minecraft.skull":42,"stat.pickup.minecraft.stone_stairs":4,"afrit.kill":3,"stat.drop.minecraft.wooden_hoe":1,"stat.useItem.minecraft.wheat_seeds":7,"stat.mineBlock.astralsorcery.blockmarble":5,"stat.pickup.techreborn.gem":13,"stat.pickup.minecraft.pumpkin_seeds":6,"stat.pickup.minecraft.emerald":2,"stat.pickup.minecraft.fermented_spider_eye":1,"stat.useItem.minecraft.beef":2,"stat.useItem.natura.edibles":4,"stat.pickup.lycanitesmobs.raw_chupacabra_meat":7,"stat.deaths":36,"stat.pickup.lycanitesmobs.geistliver":3,"stat.useItem.dungeontactics.fire_water":1,"stat.pickup.minecraft.egg":4,"stat.killEntity.primitivemobs.rocket_creeper":1,"stat.playOneMinute":327056,"stat.useItem.actuallyadditions.item_sword_crystal_green":99,"stat.pickup.minecraft.blaze_rod":33,"geist.learn":1,"stat.craftItem.minecraft.iron_pickaxe":3,"stat.useItem.dungeontactics.flower_feather":2,"stat.pickup.chisel.marble2":18,"stat.mineBlock.minecraft.tallgrass":26,"stat.pickup.dungeontactics.bag_food":1,"stat.chestOpened":230,"stat.pickup.botania.mushroom":1,"stat.useItem.minecraft.stone":10,"stat.pickup.minecraft.arrow":23,"stat.pickup.minecraft.iron_sword":1,"stat.pickup.dungeontactics.bag_ore":1,"stat.pickup.dungeontactics.tin_cluster":17,"stat.mineBlock.appliedenergistics2.charged_quartz_ore":4,"afrit.learn":2,"stat.pickup.minecraft.gold_nugget":3,"geist.kill":1,"stat.mineBlock.botania.mushroom":1,"stat.pickup.iceandfire.silver_nugget":2,"stat.craftItem.minecraft.iron_nugget":1,"stat.fallOneCm":75051,"stat.pickup.chisel.basalt2":5,"stat.pickup.botania.lexicon":1,"stat.pickup.minecraft.melon_seeds":10,"stat.crouchOneCm":13709,"stat.useItem.natura.overworld_logs2":3,"stat.mineBlock.minecraft.chest":5,"stat.craftItem.minecraft.chest":12,"stat.craftItem.minecraft.iron_ingot":50,"stat.pickup.dungeontactics.bag_potion":2,"stat.pickup.enderio.block_exit_rail":1,"stat.pickup.minecraft.melon":1,"stat.craftingTableInteraction":1,"stat.killEntity.primitivemobs.chameleon":1,"stat.pickup.techreborn.ore":32,"stat.pickup.natura.edibles":5,"stat.pickup.minecraft.wooden_pickaxe":1,"stat.useItem.chisel.marble2":3,"stat.pickup.minecraft.feather":1,"stat.pickup.minecraft.record_cat":1,"stat.useItem.minecraft.furnace":3,"gnekk.kill":1,"stat.craftItem.minecraft.wooden_sword":1,"stat.pickup.minecraft.dye":34,"stat.pickup.minecraft.planks":11,"chupacabra.kill":3,"stat.mineBlock.natura.overworld_slab2":3,"stat.pickup.chisel.limestone2":18,"stat.mineBlock.natura.overworld_logs2":62,"stat.craftItem.dungeontactics.fire_starter":2,"stat.pickup.minecraft.wheat_seeds":2,"tremor.kill":15,"stat.useItem.minecraft.stone_pickaxe":223,"stat.drop.mysticalagriculture.crafting":1,"stat.useItem.minecraft.stone_sword":67,"djinn.kill":1,"stat.mineBlock.minecraft.dirt":275,"stat.mineBlock.forestry.planks.1":6,"stat.useItem.minecraft.torch":119,"stat.pickup.immersiveengineering.seed":1,"stat.useItem.minecraft.bread":1,"stat.killEntity.primitivemobs.bewitched_tome":2,"stat.mineBlock.actuallyadditions.block_black_lotus":1,"stat.useItem.natura.overworld_slab2":10,"stat.useItem.minecraft.log":4,"stat.useItem.minecraft.cobblestone":184,"stat.craftItem.minecraft.crafting_table":5,"stat.pickup.lycanitesmobs.embercharge":10,"stat.useItem.natura.overworld_planks":1,"stat.craftItem.natura.overworld_planks":232,"stat.drop.minecraft.record_far":1,"stat.pickup.minecraft.log":9,"salamander.learn":1,"spriggan.learn":1,"stat.pickup.minecraft.iron_pickaxe":3,"stat.mineBlock.natura.overworld_leaves2":40,"stat.craftItem.minecraft.gold_ingot":8,"stat.drop.minecraft.planks":1,"stat.mineBlock.dungeontactics.flower_feather":6,"stat.pickup.minecraft.wooden_door":4,"stat.pickup.dungeontactics.bag_tool":2,"stat.drop.minecraft.melon_seeds":3,"stat.craftItem.minecraft.bucket":2,"stat.craftItem.minecraft.planks":20,"stat.killEntity.primitivemobs.flame_spewer":2,"stat.pickup.dungeontactics.lead_cluster":11,"stat.pickup.lycanitesmobs.lifedraincharge":6,"stat.pickup.minecraft.book":1,"stat.mineBlock.minecraft.log":9,"stat.craftItem.minecraft.wooden_door":3,"stat.mineBlock.bigreactors.oreyellorite":2,"stat.useItem.minecraft.stone_hoe":24,"stat.useItem.minecraft.wooden_door":5,"stat.pickup.natura.overworld_sapling2":7,"stat.sneakTime":6896,"stat.pickup.dungeontactics.throwing_knife_poison":1,"stat.pickup.minecraft.wool":3,"stat.pickup.minecraft.rabbit":1,"stat.useItem.minecraft.chorus_fruit":2,"stat.useItem.minecraft.wooden_axe":86,"stat.pickup.minecraft.stone_slab":144,"stat.pickup.minecraft.chest":9,"stat.pickup.minecraft.bone":34,"stat.pickup.lycanitesmobs.sprigganheart":1,"stat.useItem.lycanitesmobs.cooked_cephignis_meat":5,"stat.drop.conarm.book":1,"stat.pickup.minecraft.record_blocks":1,"stat.mineBlock.minecraft.cobblestone":54,"stat.pickup.dungeontactics.golden_knife":2,"stat.mineBlock.actuallyadditions.block_misc":3,"nymph.learn":1,"stat.drop.thermalfoundation.material":1,"stat.useItem.minecraft.diamond_sword":778,"tremor.learn":2,"stat.pickup.bigreactors.oreyellorite":2,"stat.swimOneCm":75347,"stat.pickup.enderio.item_dark_steel_sword":1,"stat.pickup.minecraft.enchanted_book":2,"stat.climbOneCm":893,"stat.pickup.dungeontactics.copper_cluster":10,"strider.kill":1,"trite.kill":1,"stat.pickup.lootbags.itemlootbag":62,"stat.useItem.minecraft.obsidian":9,"stat.useItem.minecraft.dirt":92,"stat.useItem.minecraft.stone_slab2":79,"stat.pickup.minecraft.bow":1,"vapula.kill":4,"stat.craftItem.minecraft.furnace":9,"stat.pickup.dungeontactics.iron_battleaxe":3,"stat.craftItem.forestry.planks.1":48,"stat.craftItem.thermalfoundation.tool.pickaxe_copper":2,"stat.pickup.dungeontactics.flower_bramble":2,"stat.craftItem.minecraft.stone_pickaxe":2,"stat.mineBlock.minecraft.obsidian":13,"stat.pickup.minecraft.cobblestone":707,"stat.mineBlock.biomesoplenty.double_plant":3,"stat.pickup.minecraft.diamond_hoe":1,"stat.mineBlock.chisel.limestone2":14,"stat.flyOneCm":143217,"stat.pickup.appliedenergistics2.material":6,"stat.pickup.actuallyadditions.item_booklet":1,"stat.drop.tombmanygraves.death_list":17,"stat.pickup.dungeontactics.gold_cluster":8,"stat.pickup.minecraft.redstone":41,"stat.mineBlock.minecraft.iron_ore":53,"stat.timeSinceDeath":1194,"stat.pickup.dungeontactics.magic_scroll":3,"stat.useItem.forestry.planks.1":6,"stat.pickup.minecraft.mutton":5,"stat.pickup.minecraft.mossy_cobblestone":86,"stat.pickup.dungeontactics.silver_cluster":8,"stat.useItem.actuallyadditions.item_pickaxe_crystal_green":603,"stat.killEntity.Bat":2,"stat.useItem.minecraft.potato":1,"stat.pickup.biomesoplenty.double_plant":2,"geonach.learn":1,"stat.mineBlock.thermalfoundation.ore":37,"stat.drop.minecraft.dirt":1,"stat.pickup.lycanitesmobs.whirlwindcharge":2,"stat.useItem.tconstruct.rack":8,"stat.pickup.minecraft.diamond_shovel":1,"cinder.learn":1,"stat.mineBlock.minecraft.coal_ore":60,"stat.pickup.dungeontactics.flower_feather":6,"stat.pickup.extrautils2.ingredients":2,"stat.craftItem.minecraft.stone_hoe":1,"stat.pickup.minecraft.string":29,"stat.craftItem.techreborn.ingot":2,"stat.pickup.lycanitesmobs.scorchfireballcharge":7,"stat.useItem.astralsorcery.blockmarble":2,"stat.useItem.tconstruct.edible":8,"stat.entityKilledBy.Skeleton":3,"stat.craftItem.minecraft.stone_slab2":0,"stat.pickup.natura.overworld_berrybush_blueberry":3,"vapula.learn":1,"stat.craftItem.tconstruct.tooltables":6,"stat.sprintOneCm":242307,"stat.useItem.minecraft.diamond_shovel":229,"stat.pickup.actuallyadditions.item_misc":12,"stat.mineBlock.minecraft.stone_slab":56,"stat.craftItem.minecraft.stick":108,"stat.craftItem.minecraft.wooden_axe":3,"stat.mineBlock.mekanism.oreblock":4,"stat.useItem.minecraft.stone_slab":60,"stat.mineBlock.dungeontactics.silver_ore":7,"stat.craftItem.minecraft.gold_nugget":2,"stat.useItem.lootbags.itemlootbag":75,"stat.mineBlock.minecraft.diamond_ore":8,"wraamon.learn":1,"trite.learn":2,"stat.pickup.minecraft.golden_horse_armor":1,"stat.craftItem.actuallyadditions.item_pickaxe_crystal_green":1,"stat.pickup.forestry.logs.5":12,"stat.pickup.minecraft.vine":2,"stat.mineBlock.minecraft.planks":6,"stat.drop":32,"stat.useItem.minecraft.wooden_sword":29,"stat.killEntity.Sheep":3,"stat.mineBlock.mysticalagriculture.prosperity_ore":22,"stat.pickup.minecraft.slime_ball":11,"stat.pickup.minecraft.golden_chestplate":1,"stat.killEntity.Zombie":106,"stat.pickup.minecraft.snowball":3,"stat.mineBlock.forestry.leaves.default.2":5,"stat.pickup.primitivemobs.camouflage_dye":2,"stat.pickup.dungeontactics.magic_powder":6,"stat.mineBlock.minecraft.gold_ore":8,"stat.diveOneCm":83736,"stat.mineBlock.minecraft.mossy_cobblestone":45,"cephignis.kill":1,"stat.mineBlock.projectred-exploration.ore":7,"stat.mineBlock.dungeontactics.stonequartz_ore":7,"stat.mineBlock.mysticalagriculture.inferium_ore":10,"stat.pickup.minecraft.obsidian":10,"stat.pickup.dungeontactics.aluminium_cluster":9,"stat.pickup.tombmanygraves.death_list":14,"stat.entityKilledBy.primitivemobs.bewitched_tome":1,"stat.killEntity.primitivemobs.support_creeper":1,"stat.pickup.dungeontactics.bag_record":2,"stat.useItem.minecraft.rotten_flesh":10,"stat.pickup.matteroverdrive.tritanium_ore":9,"stat.pickup.minecraft.diamond_sword":9,"stat.jump":3153,"stat.craftItem.tconstruct.rack":18,"stat.pickup.minecraft.coal":84,"stat.pickup.deepresonance.resonating_ore":3,"stat.pickup.minecraft.iron_ingot":5,"stat.pickup.dungeontactics.ducttape":1,"stat.pickup.actuallyadditions.block_black_lotus":1,"stat.useItem.minecraft.stone_axe":8,"stat.pickup.minecraft.gunpowder":142,"stat.entityKilledBy.CaveSpider":1,"stat.pickup.minecraft.spider_eye":3,"stat.craftItem.minecraft.torch":100,"stat.killEntity.primitivemobs.goblin":4,"stat.pickup.minecraft.dirt":605,"stat.pickup.actuallyadditions.block_misc":3,"gorger.learn":1,"stat.pickup.minecraft.iron_ore":7,"stat.pickup.lycanitesmobs.poisongland":1,"stat.mineBlock.minecraft.lapis_ore":4,"stat.mineBlock.minecraft.stone_stairs":1,"stat.pickup.minecraft.leather":6,"stat.damageTaken":21676,"stat.mineBlock.minecraft.torch":17,"stat.useItem.minecraft.wooden_pickaxe":75,"stat.pickup.matteroverdrive.dilithium_crystal":11,"stat.mineBlock.dungeontactics.flower_bramble":2,"stat.pickup.minecraft.magma_cream":8,"stat.pickup.classyhats.hat":15,"stat.craftItem.natura.overworld_slab2":246,"stat.pickup.mysticalagriculture.crafting":123,"xaphan.learn":1,"stat.useItem.dungeontactics.cherry_bomb":5,"stat.pickup.minecraft.reeds":6,"stat.pickup.dungeontactics.bag_book":5,"stat.killEntity.CaveSpider":12,"stat.useItem.thermalfoundation.tool.pickaxe_copper":113,"stat.pickup.dungeontactics.incindiberry":2,"stat.mineBlock.randomthings.glowingmushroom":2,"stat.pickup.minecraft.potato":3,"stat.entityKilledBy.Zombie":4,"chupacabra.learn":2,"stat.damageDealt":42403,"stat.useItem.lycanitesmobs.raw_chupacabra_meat":2,"cephignis.learn":1,"stat.sleepInBed":1,"stat.killEntity.Cow":1,"stat.killEntity.Pig":1,"geonach.kill":4,"stat.walkOneCm":1077432,"stat.pickup.dungeontactics.diamond_battleaxe":1,"stat.useItem.minecraft.chest":5,"stat.pickup.minecraft.stick":6,"stat.mineBlock.matteroverdrive.dilithium_ore":9,"stat.pickup.mekanism.oreblock":6,"stat.pickup.minecraft.clay_ball":9,"argus.learn":1,"spriggan.kill":2,"stat.mineBlock.chisel.basalt2":14,"stat.craftItem.actuallyadditions.item_crystal":18,"stat.pickup.natura.overworld_slab2":3,"stat.mineBlock.techreborn.ore":51,"stat.mineBlock.dungeontactics.flower_sanguine":6,"stat.useItem.minecraft.melon":1,"stat.pickup.minecraft.tnt":2,"stat.pickup.minecraft.stone":194,"stat.pickup.biomesoplenty.fleshchunk":143,"stat.craftItem.minecraft.iron_chestplate":1,"stat.pickup.minecraft.ender_pearl":2,"stat.pickup.lycanitesmobs.crystalshardcharge":23,"stat.pickup.minecraft.chorus_fruit":3,"stat.killEntity.Skeleton":16,"strider.learn":2,"stat.craftItem.biomesoplenty.flesh":11,"stat.killEntity.Spider":2,"stat.mineBlock.biomesoplenty.flesh":11,"stat.mobKills":225,"stat.pickup.minecraft.quartz":32,"stat.craftItem.minecraft.shears":2,"stat.pickup.randomthings.glowingmushroom":2,"stat.useItem.minecraft.mossy_cobblestone":51,"stat.pickup.minecraft.golden_shovel":1,"stat.pickup.minecraft.diamond":10,"cinder.kill":2,"stat.mineBlock.minecraft.leaves":9,"stat.pickup.minecraft.torch":84,"stat.mineBlock.minecraft.redstone_ore":6,"stat.pickup.lycanitesmobs.acidsplashcharge":8,"stat.useItem.dungeontactics.iron_battleaxe":41,"stat.pickup.astralsorcery.blockmarble":5,"stat.mineBlock.minecraft.stone":631,"stat.drop.tconstruct.book":1}