{"stat.mineBlock.matteroverdrive.tritanium_ore":7,"stat.pickup.minecraft.bone":8,"stat.useItem.lycanitesmobs.cooked_cephignis_meat":4,"stat.drop.conarm.book":1,"stat.leaveGame":1,"stat.mineBlock.minecraft.cobblestone":14,"stat.pickup.natura.overworld_logs2":42,"stat.pickup.extrautils2.redorchid":1,"stat.pickup.dungeontactics.cherry_bomb":6,"stat.mineBlock.actuallyadditions.block_misc":1,"nymph.learn":1,"tremor.learn":1,"stat.swimOneCm":27659,"djinn.learn":2,"stat.pickup.dungeontactics.flower_sanguine":1,"stat.useItem.minecraft.planks":1,"stat.pickup.minecraft.enchanted_book":1,"stat.pickup.dungeontactics.copper_cluster":5,"strider.kill":1,"stat.pickup.minecraft.blaze_powder":12,"stat.pickup.lootbags.itemlootbag":12,"stat.useItem.minecraft.dirt":45,"stat.useItem.minecraft.stone_slab2":38,"vapula.kill":4,"stat.useItem.minecraft.water_bucket":20,"stat.killEntity.primitivemobs.skeleton_warrior":1,"stat.pickup.minecraft.rotten_flesh":4,"stat.craftItem.minecraft.furnace":9,"stat.useItem.minecraft.golden_sword":32,"stat.entityKilledBy.Spider":1,"stat.craftItem.forestry.planks.1":48,"stat.pickup.lycanitesmobs.cooked_cephignis_meat":5,"stat.craftItem.thermalfoundation.tool.pickaxe_copper":2,"stat.entityKilledBy.primitivemobs.skeleton_warrior":1,"stat.pickup.minecraft.bucket":1,"stat.craftItem.minecraft.stone_pickaxe":2,"stat.pickup.minecraft.cobblestone":434,"stat.mineBlock.biomesoplenty.double_plant":1,"stat.pickup.dungeontactics.iron_cluster":27,"stat.mineBlock.chisel.limestone2":14,"stat.craftItem.minecraft.stone_sword":2,"stat.entityKilledBy.artifacts.mimic":1,"stat.flyOneCm":40668,"stat.pickup.appliedenergistics2.material":1,"stat.pickup.actuallyadditions.item_booklet":1,"stat.pickup.forestry.planks.1":7,"stat.drop.tombmanygraves.death_list":8,"stat.pickup.minecraft.redstone":36,"stat.mineBlock.minecraft.iron_ore":27,"stat.timeSinceDeath":13747,"stat.drop.astralsorcery.itemjournal":1,"stat.useItem.forestry.planks.1":5,"stat.useItem.minecraft.iron_pickaxe":408,"stat.craftItem.minecraft.wooden_pickaxe":2,"stat.pickup.minecraft.mutton":5,"stat.pickup.dungeontactics.silver_cluster":4,"stat.useItem.actuallyadditions.item_pickaxe_crystal_green":58,"stat.craftItem.minecraft.bed":2,"stat.pickup.projectred-core.resource_item":26,"stat.mineBlock.chisel.marble2":18,"geonach.learn":1,"stat.pickup.thermalfoundation.material":2,"stat.mineBlock.thermalfoundation.ore":5,"stat.furnaceInteraction":19,"stat.drop.extrautils2.redorchid":1,"stat.pickup.lycanitesmobs.whirlwindcharge":2,"stat.useItem.tconstruct.rack":8,"stat.mineBlock.forestry.logs.5":13,"stat.pickup.minecraft.diamond_shovel":1,"stat.mineBlock.minecraft.coal_ore":26,"stat.pickup.extrautils2.ingredients":2,"stat.craftItem.thermalfoundation.material":16,"xaphan.kill":1,"stat.pickup.lycanitesmobs.scorchfireballcharge":1,"stat.pickup.minecraft.beef":3,"stat.useItem.astralsorcery.blockmarble":2,"stat.drop.levelup2.skillbook":1,"lobber.learn":1,"stat.craftItem.minecraft.stone_slab2":0,"vapula.learn":1,"stat.craftItem.tconstruct.tooltables":5,"stat.sprintOneCm":89220,"stat.useItem.minecraft.diamond_shovel":229,"stat.craftItem.minecraft.stick":72,"stat.craftItem.minecraft.wooden_axe":3,"stat.mineBlock.mekanism.oreblock":3,"stat.mineBlock.dungeontactics.silver_ore":4,"stat.craftItem.minecraft.gold_nugget":2,"stat.useItem.lootbags.itemlootbag":26,"afrit.kill":1,"stat.mineBlock.minecraft.diamond_ore":8,"stat.mineBlock.astralsorcery.blockmarble":5,"stat.pickup.techreborn.gem":12,"stat.craftItem.actuallyadditions.item_pickaxe_crystal_green":1,"stat.pickup.forestry.logs.5":12,"stat.useItem.minecraft.beef":2,"stat.deaths":13,"stat.drop":14,"stat.useItem.dungeontactics.fire_water":1,"stat.pickup.minecraft.egg":2,"stat.playOneMinute":133590,"stat.useItem.minecraft.wooden_sword":29,"stat.pickup.minecraft.blaze_rod":7,"stat.killEntity.Sheep":3,"stat.mineBlock.mysticalagriculture.prosperity_ore":11,"stat.craftItem.minecraft.iron_pickaxe":2,"stat.pickup.minecraft.slime_ball":8,"stat.pickup.minecraft.golden_chestplate":1,"stat.killEntity.Zombie":3,"stat.pickup.minecraft.snowball":3,"stat.mineBlock.forestry.leaves.default.2":5,"stat.pickup.primitivemobs.camouflage_dye":2,"stat.pickup.chisel.marble2":18,"stat.mineBlock.minecraft.tallgrass":24,"stat.diveOneCm":52587,"stat.chestOpened":109,"stat.pickup.botania.mushroom":1,"stat.useItem.minecraft.stone":1,"cephignis.kill":1,"stat.mineBlock.projectred-exploration.ore":7,"stat.pickup.minecraft.arrow":2,"stat.mineBlock.dungeontactics.stonequartz_ore":1,"stat.pickup.dungeontactics.aluminium_cluster":5,"stat.pickup.tombmanygraves.death_list":1,"afrit.learn":2,"stat.entityKilledBy.primitivemobs.bewitched_tome":1,"stat.killEntity.primitivemobs.support_creeper":1,"stat.mineBlock.botania.mushroom":1,"stat.pickup.matteroverdrive.tritanium_ore":8,"stat.jump":1345,"stat.craftItem.tconstruct.rack":18,"stat.pickup.minecraft.coal":34,"stat.fallOneCm":15372,"stat.pickup.minecraft.iron_ingot":1,"stat.pickup.chisel.basalt2":5,"stat.pickup.actuallyadditions.block_black_lotus":1,"stat.useItem.minecraft.stone_axe":4,"stat.pickup.minecraft.gunpowder":41,"stat.crouchOneCm":6312,"stat.mineBlock.minecraft.chest":1,"stat.pickup.minecraft.spider_eye":1,"stat.craftItem.minecraft.torch":40,"stat.craftItem.minecraft.chest":11,"stat.craftItem.minecraft.iron_ingot":10,"stat.killEntity.primitivemobs.goblin":1,"stat.pickup.minecraft.dirt":412,"stat.pickup.actuallyadditions.block_misc":1,"stat.craftingTableInteraction":1,"stat.pickup.minecraft.iron_ore":2,"stat.killEntity.primitivemobs.chameleon":1,"stat.pickup.techreborn.ore":12,"stat.mineBlock.minecraft.lapis_ore":4,"stat.pickup.minecraft.wooden_pickaxe":1,"stat.pickup.minecraft.leather":1,"stat.damageTaken":4180,"stat.pickup.minecraft.feather":1,"stat.mineBlock.minecraft.torch":3,"stat.useItem.minecraft.wooden_pickaxe":75,"stat.useItem.minecraft.furnace":3,"stat.pickup.matteroverdrive.dilithium_crystal":7,"stat.pickup.minecraft.magma_cream":4,"stat.craftItem.minecraft.wooden_sword":1,"stat.craftItem.natura.overworld_slab2":126,"stat.pickup.mysticalagriculture.crafting":34,"stat.pickup.minecraft.dye":34,"stat.pickup.minecraft.planks":1,"stat.mineBlock.natura.overworld_slab2":1,"xaphan.learn":1,"stat.pickup.minecraft.reeds":6,"stat.pickup.chisel.limestone2":14,"stat.mineBlock.natura.overworld_logs2":42,"stat.useItem.thermalfoundation.tool.pickaxe_copper":113,"stat.pickup.minecraft.wheat_seeds":2,"tremor.kill":3,"stat.entityKilledBy.Zombie":1,"stat.useItem.minecraft.stone_pickaxe":192,"chupacabra.learn":1,"stat.useItem.minecraft.stone_sword":67,"stat.damageDealt":7139,"cephignis.learn":1,"stat.sleepInBed":1,"djinn.kill":1,"stat.killEntity.Cow":1,"stat.mineBlock.minecraft.dirt":257,"stat.mineBlock.forestry.planks.1":5,"geonach.kill":2,"stat.walkOneCm":378249,"stat.useItem.minecraft.torch":36,"stat.useItem.minecraft.chest":3,"stat.killEntity.primitivemobs.bewitched_tome":1,"stat.mineBlock.actuallyadditions.block_black_lotus":1,"stat.useItem.natura.overworld_slab2":5,"stat.mineBlock.matteroverdrive.dilithium_ore":5,"stat.useItem.minecraft.log":4,"stat.pickup.mekanism.oreblock":5,"stat.pickup.minecraft.clay_ball":2,"stat.useItem.minecraft.cobblestone":124,"stat.craftItem.minecraft.crafting_table":4,"stat.craftItem.natura.overworld_planks":168,"stat.mineBlock.chisel.basalt2":13,"stat.pickup.minecraft.log":9,"salamander.learn":1,"stat.pickup.natura.overworld_slab2":1,"stat.mineBlock.techreborn.ore":24,"stat.mineBlock.dungeontactics.flower_sanguine":1,"spriggan.learn":1,"stat.pickup.minecraft.iron_pickaxe":1,"stat.mineBlock.natura.overworld_leaves2":1,"stat.pickup.minecraft.stone":117,"stat.drop.minecraft.planks":1,"stat.pickup.minecraft.wooden_door":4,"stat.pickup.lycanitesmobs.crystalshardcharge":23,"stat.pickup.minecraft.chorus_fruit":3,"strider.learn":2,"stat.craftItem.minecraft.bucket":1,"stat.craftItem.minecraft.planks":20,"stat.killEntity.primitivemobs.flame_spewer":2,"stat.pickup.dungeontactics.lead_cluster":1,"stat.mobKills":31,"stat.mineBlock.minecraft.log":9,"stat.craftItem.minecraft.wooden_door":3,"stat.pickup.minecraft.quartz":20,"stat.craftItem.minecraft.shears":2,"stat.useItem.minecraft.wooden_door":5,"stat.pickup.minecraft.diamond":10,"stat.mineBlock.minecraft.leaves":1,"stat.pickup.natura.overworld_sapling2":1,"stat.pickup.minecraft.torch":15,"stat.mineBlock.minecraft.redstone_ore":5,"stat.sneakTime":3224,"stat.pickup.minecraft.wool":3,"stat.pickup.lycanitesmobs.acidsplashcharge":8,"stat.pickup.astralsorcery.blockmarble":5,"stat.useItem.minecraft.chorus_fruit":2,"stat.useItem.minecraft.wooden_axe":86,"stat.mineBlock.minecraft.stone":381,"stat.drop.tconstruct.book":1,"stat.pickup.minecraft.chest":1}